"feature_id","Pair1","Pair2","Pair3","Pair5","Pair6","Pair7"
"ATOX1_1",1.88344787227468,1.41689940423826,-0.170557941796485,-0.704251086455837,1.7739777871192,-2.4088255501556
"ATP5F1E_1",0.599390814626473,0.408501835864342,0.219691266008486,-0.192004076863668,0.407224367231512,-0.554088209804359
"ATP5IF1_1",1.0149030052231,-0.378300429982495,-0.735805583780888,-0.115572152453325,-0.177555321564006,-0.119317621555489
"ATP5IF1_3",1.28791117966944,0.0195744620710556,-0.798558391326473,0.0136789280250618,-0.439414715987409,0.296673176334501
"ATP5IF1_4",-1.16077642190731,0.18377973191938,-0.16885454136666,-1.46936285671671,-0.33895518933368,0.444922330140546
"ATP5IF1_5",0.663149628858656,-0.497204175807429,-0.223557003600817,0.0781266280686701,0.0664845182484743,0.826529763982304
"ATP5ME_3",1.11119461577164,0.0588218903545119,1.08788364400962,-0.421669890915883,1.98880331444517,-0.834901973912679
"ATP5PF_1",1.71371545890586,0.975748430504613,0.13540827354263,-0.818433985122667,1.59535700995034,-0.275506660842137
"B2M_3",2.1539404329598,1.6998318443001,1.07910749480981,2.05450558112764,2.47503554140833,0.935707167193634
"CALM1_1",1.42983051291188,0.568026443179274,-0.150717281577663,-0.222950893710291,0.96130838098823,-0.664854376131224
"CALM1_3",1.64447941542151,0.6766089463237,0.0100124218626085,0.281185091978315,-0.160078941251212,-1.69473113242821
"CHGA_1",-0.574693070373774,-0.625067070569862,0.322579505813454,-0.186709189650763,0.132373012801699,0.770662887438444
"CHGA_2",-0.581727306101124,-0.399470380462521,-0.0281434688311428,0.517266321622934,-0.24597453681047,1.0411037281921
"CHGA_5",0.16064969232483,-0.427234234023974,-0.0407629855635321,0.409684232691191,0.302892054391682,0.765897246991852
"CHGA_6",-0.576500928344631,-0.522728813789406,0.486370718986912,-0.172761779988107,-0.847237983702557,0.210296719163122
"CHGA_28",0.596032894006141,0.282744496827956,-0.631457403390808,0.326401818506554,0.969404074613328,-0.139405446403977
"CHGA_31",1.53301136716828,0.198174671392525,-0.836735329717861,0.367047955324242,2.20183901994577,-0.144555839242706
"CHGA_32",-1.41959098754599,0.210745241382021,0.803747022374282,0.82139944952694,1.76839684499254,-0.117777685397144
"CHGA_37",0.737692824907542,0.353943467386294,-0.948612989544927,0.231197264499286,1.05411287267246,-0.580448562132904
"CHGA_45",1.2614800828127,0.61939923082026,0.263819169280303,-0.153798785977834,0.577316292015164,-0.571341765951168
"CHGA_48",-0.475138917364051,-0.608339806844697,-0.21257156059513,-0.303915552955939,-0.440158119083202,0.0205035037761085
"CHGA_49",0.344730211085613,-0.58369959352153,-0.415592842022562,0.280817748852968,-0.0617524206294906,0.0531298879118012
"CHGA_54",0.878553494584393,-0.137339895365137,-0.254767434176902,0.156127141360916,-0.536186050854516,-0.350067236535885
"CHGB_7",0.687563435847975,-1.34857067936455,-0.779773028393496,6.04776326440515e-06,-1.26524767528219,-0.897118987927854
"CHGB_8",-0.274769814425794,-0.891098916320239,-0.754239536315833,-0.042010611293481,-0.640301686214793,-0.0083478709726208
"CHGB_14",-0.472954433834568,-0.112787445621812,0.659433896259895,0.416729035960635,0.9122948514461,-0.695572855777623
"CHGB_15",-0.623922413153776,-0.408682431411162,0.0317474834654305,-0.211983729370491,0.431445479845634,-0.665315757038577
"CHGB_16",-0.369985332173654,0.024721974492973,0.541553901675933,0.337344084852141,1.40162242180964,-0.94782859992764
"CHGB_18",0.41675605471408,-0.809187656336459,-0.294835066947485,-0.629624471557293,0.819858673854887,-0.604949373883031
"CHGB_21",-0.816444653780687,-0.763978890031257,-1.12213885978881,-0.0563343770853955,-0.528790868172907,-0.274605019983522
"CHGB_50",-0.869628164185459,-0.615022587175712,-0.242088859222562,0.0178724897339855,-1.13924197591904,-0.360623109353227
"COTL1_1",0.373660360193307,0.0149856918958378,0.735836136563066,0.12688904001006,0.488776582152019,-1.05550550155585
"COX17_1",-0.541727426608963,-0.790801659423977,-0.422575630604651,-0.131380409957089,-0.494975254980263,0.632076983683287
"COX5A_1",1.81412910253039,1.26166239685284,-1.79466373677077,0.382941645145245,1.00622285421003,-2.75354905167314
"COX5B_1",0.78328624998173,0.0259284995431273,0.466173684973803,0.649082169983412,0.808182268057871,-0.147431594019189
"COX7A2_2",2.07293278020297,1.73664999935986,-1.00041882911254,0.373975667573088,1.0253251258979,-1.52272338201341
"DAP_4",-0.709929336687805,-0.63515101145218,0.218970564501433,0.419521395019007,-0.795190849382559,-0.593036037436875
"DBI_1",0.94610255840078,0.296826658267161,-0.008449985260647,-0.36103251694329,-0.185647919563324,0.295249720859346
"DBI_2",1.08442891058201,0.277244348375195,-0.000671713095535154,-0.275834607257416,0.684478356184455,-1.20010847178874
"DYNLL2_1",0.791837350764562,-0.13193442998033,0.466176836744214,-0.220367140198061,0.714149196922564,0.167042478699273
"EIF4H_1",-0.466748338779455,0.804907427395293,0.835814489977874,-0.478238712357705,-0.31015935068209,0.545278644532484
"ERH_2",1.33943007764755,0.99123541163307,0.127553248756413,0.166923215647881,1.4189056580028,-0.552015758518579
"FAU_1",2.60132403182488,-0.071139493744429,1.64009614058244,1.83092877497304,-0.757059262723571,1.22422169956548
"FKBP2_1",0.83984771729723,-0.0354233021798578,-0.391179294661292,1.02034668104503,1.64004280448899,-1.03182195263757
"GAA_1",-0.421088223974914,-0.45664388749536,-1.33362743909373,0.155810420505894,-0.972292260935911,0.344362977955218
"GCG_2",-0.287849707321209,0.796544488309916,-0.330783187831923,0.0326361157039692,0.051783746307196,0.0640579920917368
"GCG_3",-0.866031092852181,-0.262043830740655,-0.297806558326933,0.446381056798245,-1.08972147235652,0.306565542971121
"GCG_4",-0.691444949857702,-0.391629119076129,-0.546091822985719,-0.460193266047021,-0.851753035728086,0.198004434106956
"GCG_6",-1.1381629397873,-0.58279896226632,-0.571255343188735,0.189372735557484,-1.21809920797243,0.677337308832673
"GCG_7",-0.234503134769009,0.435691744172768,0.0354814141106523,0.427690454651071,-0.837300104620807,-0.344588889575871
"GCG_11",-0.729585965134616,0.608433946492031,-0.956222896809901,0.98251173394852,-0.96202460906686,-0.402483523237542
"GCG_14",-0.792267606069737,-0.675048850964146,-0.693322425347006,0.211971370306344,-0.537734387717245,-0.446231928198522
"GCG_15",-0.855135386819166,-0.338477857369202,-0.0237044728112892,-0.103004306333485,-0.909213117527196,0.478601704071391
"GCG_16",-0.976425734459768,-0.607995709356317,-0.602005764484314,-0.197786754429405,-0.39143352402329,0.296652465794899
"GCG_22",0.368195901062181,0.0114829117396376,-1.25400915066716,-0.430117917495508,-0.0500678730339725,0.371689293260246
"GCG_24",1.24170833999155,-0.50915768772369,-0.0361423715129163,-1.1690665449859,0.742159419831411,-0.718741145651041
"GCG_27",1.39171011021308,-0.351026947393034,-0.968405805353004,-0.4685861005328,2.03094269314242,-0.414500753772213
"GCG_34",3.28946162574635,1.69417812673183,-1.40473876799692,0.28533211106517,2.2213511699845,-1.54325971248934
"GCG_36",2.72467832971041,1.6377386218744,-1.60337078437544,-1.18543305255178,3.32884718626979,-1.80948382811314
"GCG_46",1.60152174009989,2.14874390777083,0.451432546035697,-1.0900476931495,2.03275218877106,-0.982162546320261
"GCG_56",-0.816843019547933,-0.569785478335874,-0.82872962194778,0.484694596936805,-0.896993144009771,0.117069362867667
"GCG_58",-0.388835148560323,-0.401433362442109,-1.20984007145818,-0.255999005180836,-1.46591522022494,-0.381151069714377
"GCG_59",-0.756114299878837,0.149389173564142,0.00824321599496258,0.46511871681323,-0.709402772341816,0.322222570455672
"GCG_61",-0.603671827115543,0.171709914359667,-0.463777100271216,-0.243223811598028,-0.321851212164704,0.988054081224089
"GCG_63",-0.933038855423897,-0.380524316539187,-0.483566833361948,0.00581679630470688,-1.12695919757319,0.469412623468411
"GCG_66",-0.0736727654756368,-0.420579586404735,-1.57138425918935,0.428674567266984,-0.754389716997244,0.79578371826954
"GCG_70",-0.55544734046242,-0.0530154199676076,-1.24536359237339,0.115863158232685,-0.804159683942819,-0.389848079710408
"GCG_73",0.187798660623736,-0.427535821830968,-0.305159729453017,-0.32460801300055,-1.16605844640997,0.0623956363514893
"GCG_76",-0.701500480448059,-0.474330095195249,-0.0578421032156982,-0.168593808617096,-0.840887221732453,0.310173545469784
"GCG_77",-0.51090958557919,0.197928514667545,0.202264556960554,-0.114062408611066,-0.910894156431484,-0.145080875057687
"GCG_79",-1.64599458484809,0.493020873371027,0.359289761012956,0.675418650978727,-1.38098457659799,0.281717740648627
"GCG_80",-0.591069389931457,0.0438999275454002,-1.2544463480587,-0.0530331170847305,-0.813518616945798,0.30089784115858
"GCG_81",-0.595071435190151,0.711763497848299,0.526612916052756,-0.177994874458467,-1.17055758049523,0.461000430594954
"GCG_84",-1.61419830938411,-0.129695364347018,-0.273210587494336,0.314949653742886,-1.04981966549561,0.108754468537558
"GCG_86",-0.551540908723071,-0.606564800541445,-0.751740441778512,0.0420325121465055,-0.397827676576787,0.336070332238855
"GCG_88",-0.382571544824314,-0.431968345005139,0.607791708105349,-0.150353077213314,-0.580411190303357,0.540365884778083
"GCG_130",-0.64970204454824,-0.478500147615492,-0.404663520339167,-0.514425399721027,-0.803789805616672,0.468756690676791
"GCG_133",-0.985604471876401,0.102934911056987,-0.631043520852366,0.562415487691514,-0.87920465686654,1.29695006877692
"GCG_138",-1.3511073997888,-0.702479467489681,-0.483912418122262,-1.25772727104145,-1.28605552395593,0.564829293479004
"GCG_148",0.0414836365235356,0.678104957810412,-0.672062242300544,0.0406853464554118,-1.27067995912075,0.423632450423277
"GCG_154",-0.45218069263286,-0.442550461136626,-0.719616035808372,-1.30169000883128,-0.601086574897858,0.348152884666057
"GCG_155",-0.964756050178012,-0.997700935703985,-1.03157122830499,1.18690741819397,-0.705934322782232,-0.147955681345405
"GCG_156",-0.818953231255319,-1.07575963523964,0.44761586389966,-3.89130620507077,-3.15926491787015,0.0204855107049866
"GCG_157",-1.11769695050412,-0.557195173630156,-0.580142356456243,0.544035939378464,-0.957191773142918,0.202248125489696
"GCG_158",-0.488633534060833,-0.25968906328551,0.113294959301335,-1.16010250583678,-0.861775865034234,0.639061480595245
"GCG_196",-2.34753295450352,-0.859521002113322,0.124050977784719,1.06027498387412,0.0739061096848328,-0.0997324700780062
"GCG_208",-0.405559509403117,-0.136362382913838,-0.840278758219174,-0.132317790516659,-0.13975354978834,0.871595467545877
"GCG_217",-1.85329245227304,-0.627894564355248,0.114243951820267,0.580780594649802,-0.315923527673066,0.375892427930076
"GCG_281",-0.579236424872912,-0.427262245620966,-0.114873007605681,0.93579263319646,-0.519822498898732,0.0409756003421613
"GRN_3",-0.0298210418823661,-0.771969101692108,0.435808711906066,0.210677298386685,-0.705723316827031,0.584174471060237
"GRN_4",0.605972344606039,-0.20025949973385,0.00370092636552144,-0.106079951888294,-0.554260596850229,0.309637515151028
"GRN_6",0.388336064927779,0.0996404551436143,0.453313348143951,0.188760877766406,-0.32153193097742,0.117324159762099
"GRN_15",0.863407267416614,0.396289910473946,-0.0831783050768351,0.18682721819896,0.969262117222351,0.184514099587226
"H1-4_2",-0.483133668895542,-0.0372340188536491,0.295871005688777,-1.0069065647472,-0.995452740219099,0.332369176999467
"H1-4_7",0.415372491304696,-1.24851773473824,0.695103469323936,0.639381129293731,-0.0496608960767251,0.478561767630332
"H1-4_51",-2.74743184932987,-0.940244635844451,0.307364768016058,0.473269974706341,-1.44906623020302,-0.559602825659436
"H2AC18_4",1.57320998869879,0.426475619456266,1.53887853550299,-0.821990685552198,0.9866859322804,0.713400237019691
"H2AC20_5",-0.822302360434557,2.17845750708259,0.550580451474715,0.0518409064339416,1.09829046863237,-0.815752983129521
"H2AC6_2",1.02363556374633,-0.167317282702868,-0.355506770982039,-0.604308401540141,-1.1536093637771,-0.152071339469348
"H2AC6_3",0.572017816957151,-0.25765315981053,-0.0317643595047841,-0.289034407117359,0.269011683834494,0.150868340992311
"H2AC6_9",1.97903710386848,0.688404420287416,0.507100132561803,-0.881717808575875,0.641865696687086,0.0755028362396963
"H2BC18_2",0.357316982223464,-0.0654258837597297,-0.40138895173757,-0.207327628244695,0.751647829139658,-1.17200071736944
"H2BC21_1",0.161121206411293,0.100759691964729,-0.255494103072103,-0.251877839612941,-0.161968285800198,1.49720581480817
"H2BC21_2",0.292231708431318,0.325950329311802,-0.186893908471284,-0.206356564015366,-0.042310538197663,1.9470779963852
"H3-3A_2",0.611034271145188,0.100350577835904,-0.0980695877556315,-0.183895828336208,-0.712968130572444,0.333080647916486
"H3-3A_8",0.870811830555985,-0.468032427196782,0.853845275512043,-0.49544499614467,-0.647558016425963,0.396172803822285
"HMGN2_11",0.579309792085384,1.9589363103738,-0.0502577757252389,-1.15332917258718,-0.983018668580163,1.48134004591523
"HSPE1_2",1.10791497737128,1.45867993715787,-0.506041842392985,-0.411930107930203,1.99947658600973,-1.47657336502748
"IAPP_1",1.20293604826932,-1.28396568652769,-2.91937768254388,-0.144589925357561,2.58554540568798,-1.09362177559612
"INS_2",-0.118116999188187,0.32900391781757,0.63175071968589,-0.624397303246116,-0.804346812652158,-0.222478385001313
"INS_11",0.372330436631186,-0.395683047154598,3.58942761914864,-0.356650989593039,1.32602573945857,-0.550305447854736
"INS_12",1.35872248539487,0.0580608179582853,1.28271073530586,-0.548636850818216,1.89265888050626,-1.10016826177065
"INS_25",0.72785223272315,0.00338950265459204,0.131694824520185,0.856244586556421,-0.753698395715022,-0.49350902851522
"INS_40",-1.10230104667928,-0.893599038588913,1.87920479188612,0.28897630310599,0.0258019216113095,-0.281474756604904
"INS_42",-0.0916648012730104,-0.286093468516182,0.745360829483968,0.14941904033207,0.14024475841512,-0.537867739404525
"INS_43",-0.146636050120792,0.144981543749399,-0.194291835749386,-0.763083177033057,0.486488917148941,-0.0598422453051022
"INS_50",1.5563663426608,0.117484194791977,3.04752363107424,0.199364868775255,2.58581700266423,-1.08679497111341
"INS_51",1.5720713379508,0.114064573006889,1.30102359868323,0.191925440434606,3.78258129533545,-1.37158681957441
"INS_57",1.34010404763484,0.181261762733939,0.760185014315045,0.27824100168608,1.4964905641103,-0.718527802433581
"INS_58",0.802038833681847,0.0336146084188584,0.926044015909309,0.0521106060484833,1.28451046900066,0.286076807834842
"INS_59",2.07114046021093,0.426690744797739,2.59711027168958,0.163345367236943,3.76506753767174,-0.831829102793346
"INS_67",2.34229928269272,3.88459933189332,0.936965015924233,-0.168963885782688,1.99053692725544,-3.94361824318843
"INS_76",2.3032798452732,0.248902947313805,3.07221592629911,-0.263470213970404,3.4577541143295,-0.855973519954588
"INS_103",-1.09363706074322,-0.715330075978709,4.10719950536659,-0.553084364270873,1.57946001722477,0.455052973985655
"INS_120",0.46324871882925,0.0170736605920609,-0.00666000488418206,0.819463525919261,0.904281635164027,-1.10678260997111
"INS_124",-0.827941548803038,0.0192192629711485,1.80086802371291,-0.278751790498696,-0.0737229115840758,-0.321906672757713
"INS_130",0.343244554779213,-0.237009372682454,-0.00751999115244928,-0.00542300288447706,-0.231778046858063,-0.669609943364883
"INS_175",-0.907254361564563,-0.423346322709577,0.556223289504729,0.421393133595323,0.0284013256306377,-0.379415287174925
"INS_214",0.247365395054848,-1.02521231699346,-0.410784484743218,-0.232301541665898,-1.28376191409755,0.173714197860164
"INS_251",-0.181635627787395,0.107705068232526,2.28647064027052,-0.042805246098176,0.512213205308916,-0.224537979915716
"KRT8_1",-0.801189055395424,0.270666904372135,-0.335979832793274,-0.43140586151144,-1.31916675203493,0.768885876505635
"LSM6_2",-0.131858160173186,0.338500743841987,0.457134797642063,-0.0963795443844617,1.54957605340889,-1.23495087073888
"MICOS10_1",-0.265267958493785,-0.00953921393958268,-0.532603948662139,0.226164852706507,-0.91484618148168,0.0960198121333704
"MT1X_1",-0.437825068497505,0.397015510736743,-0.205101305653844,-0.363678867860074,0.746921758259278,0.434723194896819
"MT1X_6",-0.288169493606299,0.468051513483729,-0.317329064241072,-0.209265246337495,0.874117742603707,0.438451818362363
"MT2A_1",-0.035391982036165,1.30827534185257,2.95122915453636,-0.952097112803337,5.82377514434184,2.36217185459811
"MT2A_2",0.713366735213134,0.324066920825796,-0.254726081207728,-0.745016766677708,1.98333145934146,1.56621489246725
"MT2A_4",1.12905884236842,0.816465889654321,0.447921847668471,0.0903520971754688,1.65163275519687,1.75101431093829
"MYL12B_2",0.414473620009888,-1.04115386370504,1.70140391566938,0.609214281066166,0.577071036409796,0.0656764638830367
"NDUFS6_1",-0.873153741731164,0.110977599178955,0.619197393607767,-0.846387482805252,-0.691478385834907,-0.545715566928536
"NDUFV3_1",0.346475715849829,-0.129129383521519,0.0663727315049201,-0.610132886547991,0.227923246222405,-0.123978011757917
"NOP10_1",0.220239320153281,0.14835429437975,-0.0276667448897676,-0.33923730524651,0.586018928117893,0.4801773811953
"NUCB1_1",1.66748556654636,-1.1588271156592,-0.0180687656269605,0.0749670861949276,-0.121668097635675,0.591676435452896
"PCP4_1",0.0997773273533245,-0.246822550364907,0.431690705215079,0.282864858145057,-0.694930009096142,0.102741918245258
"PCSK1_1",0.472842015708972,-0.13269252625858,0.0103098519503995,0.0807698106493149,-0.479231150644933,-0.117094132108374
"PCSK1N_2",1.26121689225972,-0.252553515890938,-1.34352370249383,0.858498834125935,2.86826509658364,-0.480073561321312
"PCSK1N_7",-0.720781776661747,-0.557422937860288,0.577633246425542,0.606226781534701,-0.775710199452268,0.0241618036485711
"PCSK2_1",0.913583798411382,0.173574481580133,-0.661079329611532,-0.496392704088581,1.14246959880788,-0.343986873791184
"PFDN6_1",0.592170491150215,0.0307261966661194,-1.17723824455478,0.106770645301211,-0.181182060382314,0.605587103247213
"PPIA_1",1.28624492601296,1.35676807794557,-0.0789944499919102,-0.391110680940944,2.6991997961632,-0.670816818518094
"PPY_1",0.467931934605852,-0.743121116188277,-0.563613502523658,0.156911184564134,-1.92599456947018,-2.89259205715473
"PPY_4",1.58569050034187,0.0498548807133474,-1.33435173687183,0.749756285535899,2.46628887765693,-3.2337052200222
"PTMS_2",0.372402685712844,0.0249875103584749,0.0402036965139025,0.248589108711393,0.452365532141071,0.453447127846545
"PTMS_3",0.171996202169654,0.0215008618543528,0.0102258278000207,0.387345556686562,0.194744748947931,0.150625128816465
"PTMS_5",0.25672390204444,0.0761410459307541,0.254335190857301,0.0358868121551303,0.429610909000592,0.279224907131653
"RPL30_1",0.740285880034749,1.32939492336419,-2.49627496788482,0.181989717278764,0.424967038660713,0.096371603754914
"RPL37A_1",1.41760016625227,0.318887265545793,-0.81877565415321,-0.0392283655572712,0.00945642346934328,0.24802085925096
"RPL38_4",0.773057237155905,-0.408060598967875,-0.136433169394998,0.220167016124471,-0.547046605228639,-0.0755459383165231
"RPL38_5",0.832233791763942,0.170710064129924,0.493374694827121,0.717574146690612,0.468313571552107,-0.199168244082259
"RPS21_1",2.21777555533069,1.41679834278864,-1.91324814656457,-0.587465403672269,3.107379453557,-0.709697374052308
"RPS26_4",0.154609703083169,-0.0950830947883077,-0.596941707972899,0.0443162223586064,-0.492701420658934,0.0420477623490569
"RPS27_1",0.18037424294659,0.397893442627382,-0.443157632403651,-0.357511619183313,0.347639131172437,-0.194445033257175
"RPS27A_1",0.979945503103908,-0.199650209666771,-0.700787231002025,0.095994800520316,1.45527511242092,-0.0512237443854033
"RPS28_1",0.438214155613471,0.704800300333222,0.41658650499474,-1.02547992307868,0.0913197492198758,-0.251975547968485
"RPS29_1",1.29010244754437,-0.115306745007036,-0.382531628703575,-0.411030470884029,0.377155535735712,0.184545253207677
"S100A10_1",0.179059279549866,1.02934050996871,-0.214252947584466,0.109605634755514,0.808912113950958,-0.592987382480768
"S100A11_1",0.191549173422411,0.615773183787116,0.878202022601052,-0.228895785754514,1.33025585199012,1.2336998227115
"S100A11_3",1.26970737641993,-0.342920413023844,-0.0489254217419415,0.398810905938241,1.03691727123912,-0.701697029437913
"S100A6_1",1.34147953295674,1.89863110217321,0.500843155518922,-0.123026431606512,2.40581108618521,0.722206225882047
"SERPINA3_1",0.841073541785265,-0.371948474654804,0.347035542044342,-1.16522185631082,0.311468551738328,-0.239485345001924
"SOD1_1",2.45474732077475,1.43126773900046,0.12439273912236,-0.408181933777023,0.773927076158982,-0.307292129256965
"SPINK1_3",-1.10247635246904,-1.55032787512938,-0.218611266390027,-1.88195955803345,0.5287270783866,-0.990458765327833
"SRP9_1",1.12082601360055,1.98455691061305,-0.365102273326684,-0.37181541405711,1.56781840170382,-0.16722521247593
"SST_2",-0.574715037226747,-0.264814801922896,0.0258122200906499,-0.535251120224995,-0.585656866895659,-0.326908927968056
"SST_3",0.171966674895133,0.160461863946242,-0.0369757310687113,0.646929693179988,0.137941546727282,0.6440388506836
"SST_7",1.8652407796867,1.61674850948546,-0.0690751230773543,-0.217421050150087,2.22963016136198,-0.655770619192044
"SST_9",2.55509497688648,1.57166548056373,-0.535335831195916,0.547996857251363,0.227869104150871,-1.21960721826357
"TBCA_1",1.04151771031738,1.05548571794843,-0.0227521505020292,-0.619732637991795,1.07804385283687,-0.945759123349458
"TMSB10_1",-0.130416398017024,0.538323056561058,0.78500381577453,0.780271769914439,-0.630096410555902,1.2953673012323
"TMSB10_2",-0.288792954254836,0.706313554594836,0.686864505125232,0.105514756790445,-0.199772440980761,0.699262345739697
"TMSB10_3",0.688980401165866,0.51125393800012,0.239601634094637,0.79569700908948,-0.909778330474436,0.569393175408688
"TMSB4X_1",-0.74531050626029,-0.0939105139873391,0.719897986037164,-0.462942983594694,-0.851143020956341,-0.679780087953549
"TMSB4X_2",-0.0617836874188225,-0.239939714088028,-0.113268817277632,0.132341241032591,-0.689252536430525,-0.233423749942592
"TMSB4X_3",0.250167496483526,-0.047756905177156,-1.10249495019767,-0.0800031660614309,-0.91939701606803,-0.368385877926524
"TMSB4X_4",0.856204818982496,0.13130773664248,-0.597987166264311,-0.654656172616214,1.52676837588995,-0.84932882563524
"TMSB4X_7",-0.00476817170965127,-0.88013688018605,-0.0155456438670392,-0.328697645714701,-1.18708968581721,-0.323927700798723
"TTR_6",1.42549268220248,0.558160614078407,-0.145074430937175,0.601091280692938,0.927527661784628,-1.20616091416583
"TTR_7",1.28099271863247,0.191240486410344,-0.787654962103943,1.49402408396474,0.970909824677838,-0.788045488211569
"TTR_14",1.51409795627577,0.340674113681295,-0.840758384807199,0.290050236898519,1.02596045694698,-0.530298003042137
"UBC_1",-0.31382254457907,0.52147348647733,0.205305846805551,0.221107908298858,0.0859124659521004,-0.123551261606906
"VGF_1",-0.331868598507926,-0.269137569512331,0.00293120410012904,0.517344169349634,-0.906365312627942,0.425176117602394
"VGF_3",-0.603208998792427,-0.453812145950621,0.168417460105161,0.161258163448391,-1.03841683588933,0.228945470029132
"VGF_4",-0.50066754826854,-0.592902246605984,-0.485641453567833,0.191320066779223,-1.08861211630352,0.36441322267375
"VGF_15",-0.511662281943911,-0.397202191978181,-0.250906630713917,-0.0737572436299061,-0.722850394570182,0.0361539132832895
"VGF_16",-0.518888678657385,-0.145501912559343,-0.179312861965435,0.0725019285843125,-0.456112979784892,0.571626283112636
"VGF_31",-0.951713994828472,-0.0516365461507355,0.283165490823734,-0.110105637960416,-0.804284445619016,0.205781336217154
"VGF_70",-0.30911508046198,-0.424017692001744,0.205366818083252,0.360488830952374,-0.800974030029609,-0.0818160702194177
"VIM_4",-0.0512480002026852,0.296099296215008,0.33035068690744,-0.173712402513381,0.554294533954996,0.701683080640983
"ACTB_1",0.340855347975785,-0.425328083241759,1.65954005194148,-0.767632665834824,0.322598092316825,-0.0484646067394117
"AHSG_2",-0.281369131250502,0.713189903298829,0.229654269249917,-1.25519220915435,-2.30689175420496,0.349742446928584
"CHGA_47",-0.702941778051438,-0.189291321451332,0.123487151763044,1.15859275781711,-0.829433489881387,0.137052326454079
"CHGA_61",0.811686797338323,-0.572958601826503,1.06777891425219,0.147857112667683,0.949197428318717,-0.165352883165351
"CHGA_66",1.24190886054104,0.266477666521077,-1.69370349311951,-0.462292901915596,1.47688833789104,-0.8219476365432
"CHGB_24",0.725408517392077,-1.10766131860791,0.865920080958524,-0.696504029940879,0.276623316454229,-0.973189362350709
"CHGB_25",0.75656747945388,-0.0713375158483274,-0.541528087572054,-0.134273233014532,0.0769286018389526,-0.471796446458093
"CHGB_27",0.0879284998765844,-1.18645213499775,0.650642505517215,0.198631207988136,0.673329109294775,-1.70588415680254
"COX7C_1",1.88091477675007,0.369205116418708,0.283120440513297,-0.0784894526730433,0.331327430178172,-0.992946753863176
"EIF4H_2",-2.3882449317204,0.64726422163962,-0.11019997184885,0.503037643292068,-1.40597098497397,1.21951597719879
"FAU_2",0.248066826130023,0.432718187479075,-0.655258369261798,-1.49522431429699,-0.69566414584798,0.639537978364466
"GCG_62",-1.16564577535409,0.207956608124181,0.103591072111204,0.812285503988186,-0.909857188750651,0.265757770138439
"GCG_69",-0.440856531663995,0.650214239899775,-0.23197017885958,-0.450824351596491,-0.932390931646351,1.06384397977254
"GCG_82",-0.301646315272128,-0.454991569583513,0.334660216374818,0.943520696494623,-1.32368283143447,0.421339310037176
"GCG_83",-0.247669908390831,-0.416085845802336,0.801111508306292,-0.0832757410389071,-1.07849303902572,0.376850438935293
"GCG_90",-0.253670093967338,-0.324467686131591,0.368037402898,0.485711036433518,-1.02359444779689,0.705027409060811
"GCG_92",-0.128346418626938,-0.0949356844100571,2.43817047339908,0.170808184228058,-0.741512768916509,0.966672372665979
"GCG_106",1.17950614665327,-0.729615078419968,-0.0770429305553151,0.209314668657402,0.888817234171077,-0.465572055477637
"GCG_127",3.2361516237763,2.5596531093185,-1.76851997114682,0.0500643657657918,4.10311865537235,-1.35224689449764
"GCG_128",2.62646262265782,1.69450054689242,-2.4462340912463,-0.629199095379047,3.17541957465339,-1.37746598904278
"GCG_129",-0.36632882081244,-0.570086280371999,-0.4558799384445,0.822384474994848,-1.22973449212873,0.560574552034598
"GCG_137",-0.704633779426112,-1.44786612878087,-0.114141210314585,-0.309899480255392,-0.427946981568409,0.442234412508313
"GCG_142",-1.01789915879744,0.0280918028048411,0.896048725666137,0.493383918782882,-1.01710900524169,0.734282823498067
"GCG_150",-0.228103690501408,-0.291319985596221,1.06596440859037,-0.0812552042685439,-1.19697851318414,0.408819671202426
"GCG_152",-0.94662844199396,-0.295513793668146,0.800416698947053,0.568688168726613,-1.01276897622701,0.797792371607493
"GCG_153",-0.90525130284515,-0.66725932276843,0.640202390074837,0.0152845384326561,-1.02604051960739,0.409006892363852
"GCG_160",-0.0756928707564786,-0.295041569976899,1.1227075545092,0.0449957112044039,-0.975915442822098,0.416910151230248
"GCG_211",-2.00632336435666,0.394441204048192,0.00584121025841,0.666925660919638,-1.87218829267495,0.715396909808664
"GCG_214",-2.53058496972141,-0.0575565249020116,-0.267829096747697,-0.433314715288237,-0.575658011709661,0.374260274767785
"GCG_215",-0.39928684770886,-0.96278403262114,-0.581704616284981,-0.0596131951090904,-0.470686146284669,0.93680075301447
"GCG_216",-2.33969184262089,-0.0462566017211188,1.49299626309507,1.45893951401779,-1.02847426296823,1.16349648888117
"GCG_236",-1.13663695897502,-0.936307366178504,-1.16906646919465,-0.0215322464377614,-1.28572449401847,0.599917347147095
"GCG_242",-2.4555498097706,1.439706642568,0.65134538100239,-2.94990432141199,-0.838716711500675,3.09689896314433
"GCG_270",-0.20032452672177,-0.234547661852474,-1.19337453077118,0.334870461480158,-0.295116559860846,1.7481074570437
"GCG_279",-1.83858987288698,-0.00729061479059112,0.125675428033482,-0.844831896379411,-0.880200483963614,1.02751227966192
"GRN_13",-0.20936619676189,-0.072144029845358,0.506383596851716,0.0597527404537104,-1.35321634159703,0.476833321612173
"H1-4_8",-1.09996306690092,1.34399001095021,-0.0452453882003141,-0.440295065595368,-1.99815989032004,1.54380433304895
"H1-4_13",0.512210557776543,-3.31270423868575,-1.01198807304756,0.341423279530442,-1.98452556382951,-0.618645956854362
"H1-4_20",-0.640021286162556,0.533929794208465,-0.802560891529193,-0.554739714093188,-1.74689103532067,1.07603596923235
"H1-4_30",-0.761793932370951,1.27090244249005,-0.927905027660554,-0.525229936211772,-2.65179291440764,1.63844019653327
"H2BC21_13",-1.5213928956433,-0.923094838311663,0.527443668057401,0.473699061337104,-1.72310629123811,-0.445801086605297
"H4C1_5",1.01347797618666,0.221216458210563,-0.396487650380134,-1.17064262802941,-0.205123714156164,0.171646083731606
"HMGN2_8",-3.26966849927279,1.80676607731577,-1.76256171345132,-1.23413147395949,1.12098050186174,6.27613402075456
"HMGN2_10",-0.202935400176584,3.84989810819762,-1.15937141979226,-0.602854387683831,-1.03012062492153,6.53278622528752
"INS_91",-0.609784122060097,-0.585904296024175,5.26323261789453,-0.935325077829209,-0.794206358429877,-0.337503293644986
"INS_109",-0.586488215852563,-0.821630826817962,2.35217211482981,-0.935517603833617,-0.759570993591515,-0.0258604520555075
"INS_111",-3.0245896687425,-0.275790897185537,5.53090765535724,-2.62268884493307,-3.44240323212261,0.0378449196877249
"INS_126",-0.719810405070833,-0.637207699206314,2.76907176595425,-0.257791694031813,0.305912954474278,0.171917571430445
"INS_127",0.754091461973731,-0.649391859188405,0.15592892099524,0.721008917251567,0.25287172811367,-0.76222550277912
"INS_160",1.26547447402146,-0.433848646716129,1.33371782521642,-0.0655148810137618,2.02612714569746,0.611844231863429
"INS_169",2.80176681390586,0.93958207066882,-1.9874166348729,0.60205515690291,3.4031789530913,-1.16883269950383
"INS_222",-0.244685224022946,0.0686560748765714,1.66960070759243,-0.0685615926344916,0.223991822968999,-0.184338244207822
"INS_297",1.50010534523191,0.216849567017057,3.62094114134733,0.0183983378558636,3.37601678984525,-0.223884680355766
"KRT18_10",-0.771720138390704,0.393709715279421,0.545756419691838,-0.434001693382971,-1.36228259557886,0.897873287761612
"KRT8_3",-0.118576996687148,-0.282695144869152,0.123116150975168,-0.467325438165339,-0.59178624588503,0.635666036317087
"KRT8_6",0.590004149891181,-0.395283859616562,0.472286768820457,-0.86813417573341,0.971395759038186,0.284402719177262
"KRT8_14",-0.703155186632697,-2.82835494393654,0.117015760914853,-0.0743498792716935,0.115926322369406,-0.586468559969163
"MT1X_3",-0.211767344547573,0.500423476302824,-0.675176467860261,-1.03160686351005,1.91387383695379,1.59329022057513
"NEDD8_1",-0.0840828473171076,1.11934987699792,0.18485621983147,0.646528282359373,1.41400893145902,-1.57733738292652
"RNASET2_1",-0.616375482525973,-0.781886771771827,-0.38918618239861,-0.142816766187988,-0.70817290281723,0.498867552306201
"RPL38_8",0.37692025184811,0.339323965397483,0.0987219995717474,-0.869991821740722,-1.00351138608483,0.668786371796518
"RPS14_2",-1.39257681810325,-1.81318415222733,-0.603922794956453,0.790291969116772,-0.699669023557179,2.18882884790618
"SCG2_5",-0.568526128870177,-0.426985887743154,0.656671909403734,-0.0150177207959707,0.807050829700474,-0.0747826397610147
"SCG2_7",0.856340733911901,-0.320242885954261,-1.52409876094501,-0.176110597831652,1.62054808195014,-0.849599559567647
"SST_14",-0.881534752817794,-0.668385754223863,0.135755262667605,-0.600166429530773,-0.152995356417359,-0.0656101715036002
"UBC_2",-0.16467581286061,0.852472222531489,0.371552095993835,0.53118471623689,0.868493602522337,0.0452880335361421
"VGF_22",0.508928991862772,-0.053058875183055,-0.460065676634329,-0.248362950321109,-0.20909268299185,0.389482631206292
"VGF_25",1.17334844915103,-0.20620403308196,-0.843837149348424,0.139787186301163,2.4056268182518,-0.228231174127828
"VGF_69",-0.668833061044198,-0.762784602959044,-0.134421427186322,-0.223585352673513,-1.45845259258685,0.132388957523819
"VGF_77",-0.82898683957133,-0.38263514576726,-1.0008671632922,-0.0475325186970466,-0.284878935110294,0.33881976366786
"ACTB_4",0.246919053021498,-0.0400107797206779,0.744782130794704,-1.99110441979235,-0.138845007564806,-0.0462987404680604
"CHGB_36",-0.151974614068221,-0.0232178391150626,0.834511677929765,-0.369720243180343,0.211248118080333,-0.215392960637153
"GCG_163",0.391481393453757,-0.629024563683743,-1.13208702851647,0.00369770562140914,-0.90736155714413,0.569070460363783
"HMGN2_4",-3.2109932526987,0.274546231375442,-0.776463169725005,0.947826384153249,-1.23377625915619,-0.787516267194395
"INS_217",-0.159708021432158,-0.366035019096376,0.57613071696073,-0.463284750455379,-0.416871013928384,0.39346099137012
"MAN1A1_3",-0.706695091066367,-0.375215485436101,0.0450351945729288,0.00456778266340052,-0.999807672477472,-0.0826064200250372
"PCSK1_5",-0.385635023049653,-0.192544917303412,-1.09513905464005,-0.394736251606073,-1.69502341962849,1.01943741903078
"PCSK1_6",-1.12241671107868,-1.08568768874417,-1.28759285966725,0.595907935105906,-1.57466102455608,-0.202560370720434
"RPL35A_2",0.519048133521261,0.167776480722996,0.553279003528171,0.0829376144996168,0.513361945297254,-0.478296468434628
"RPL38_9",-0.0559004667918988,-0.130454892259635,-1.24691664116703,-1.18429293529952,-0.882124797379527,0.878331901132825
"SCG2_12",1.70939833312332,0.227304727025121,-0.400014832071221,-0.341607116169222,2.75084512778013,0.0886238971346422
"SST_23",-0.0907926993795503,-0.561492986680872,2.39955981012606,-0.236380206222481,-0.359431180656943,-0.00546945958322809
"SST_32",-0.340973131377899,-1.38482411763461,0.226374502209513,0.242306710024913,-0.223978881310975,0.070525482236711
"SST_69",-0.917152902097429,-0.0704747803012111,2.90706152535505,0.426092077089471,-0.828129504208983,0.105909964900878
"VGF_34",0.116718586583035,-0.906118786623892,-1.42234190163118,0.0318236771495819,-0.722329139610233,-1.01689064153469
"VGF_37",0.880404230900927,-0.215775683744468,-0.237162265314236,0.603817054563166,0.69541870737879,0.45206399417555
"VGF_52",-2.34434955297146,-0.651997168418731,-0.414766383335142,0.765995302621583,-1.01063780110225,-0.125614507607263
"VIM_6",-0.269416268542306,0.39019829549532,0.303792476941108,0.116573472233448,-0.162736451224321,0.713982879082003
